sample,site,latitude,longitude,species.name,species.code,author.citation,section,shade,vegetation.type,microtopographical.position,HC_mg_g,sphagn_litter_mg_g,sphagn_HC_mg_g,phenolics_TA_mg_g,phenolics_PHBA_mg_g,KL_mg_g,CEC_meq_g,N_mg_g,C_mg_g,CNratio,PO4_mg_g,abs_ratio_205_280,solubleKL_mg_g,totalKL_mg_g,solubleKL_perc_of_totalKL,dev_100perc,HWT2012,losslab2b,lossfield
AN1,Kulflyten,59.90254,15.83353,Sphagnum_angustifolium,AN,(Russow) C.E.O.Jensen,Cuspidata,1open,Mire edge,Low hummock,669.924,29.06160885,43.38046272,4.8879,6.7208,111.6803,0.5759,7.5820,438.9344,57.8919,0.6155,2.13,48.92730076,160.6076286,30.46387097,-16.94684696,110,63.68435834,33.71845462
AN10,Kulflyten,59.90254,15.83353,Sphagnum_angustifolium,AN,(Russow) C.E.O.Jensen,Cuspidata,1open,Mire edge,Low hummock,662.023,27.52104166,41.57110092,4.9772,6.8437,167.3597,0.6398,5.3030,441.0985,83.1786,0.2963,1.99,45.63713132,212.9967987,21.42620528,-12.49797993,170,62.54376739,21.234355
AN13,Kulflyten,59.90254,15.83353,Sphagnum_angustifolium,AN,(Russow) C.E.O.Jensen,Cuspidata,1open,Mire edge,Low hummock,692.302,34.21258721,49.41860465,4.4843,6.1659,142.7094,0.6175,6.1896,439.0716,70.9375,0.4202,2.06,43.32126255,186.0306731,23.28716111,-12.16675622,100,68.65252248,36.35069267
AN14,Kulflyten,59.90254,15.83353,Sphagnum_angustifolium,AN,(Russow) C.E.O.Jensen,Cuspidata,1open,Mire edge,Low hummock,658.067,35.23145898,53.53783823,3.4197,4.7021,178.2787,0.6399,6.4128,442.0842,68.9375,0.6323,2.06,39.3891266,217.6678151,18.09598106,-12.42656633,180,58.71376784,25.33141569
AN15,Kulflyten,59.90254,15.83353,Sphagnum_angustifolium,AN,(Russow) C.E.O.Jensen,Cuspidata,1open,Mire edge,Low hummock,686.140,39.42141137,57.4538857,3.6866,5.0691,289.7959,0.7245,6.0377,440.5660,72.9688,0.4735,2.08,34.24418403,324.0401024,10.56788459,1.018014135,120,62.26134365,18.90893279
BA1,Kulflyten,59.90254,15.83353,Sphagnum_balticum,BA,(Russow) C.E.O.Jensen,Cuspidata,1open,Open bog,Lawn,718.034,25.56008199,35.59732308,4.2586,5.8555,125.0000,0.5754,4.5365,439.6450,96.9130,0.1625,2.19,54.19421485,179.1942148,30.24328374,-10.27719619,30,46.22098462,3.590116405
BA3,Kulflyten,59.90254,15.83353,Sphagnum_balticum,BA,(Russow) C.E.O.Jensen,Cuspidata,1open,Open bog,Lawn,707.496,38.85094389,54.9132948,3.8254,5.2599,212.1212,0.6243,4.4834,440.5458,98.2609,0.1489,2.22,51.19569481,263.3169069,19.4426159,-2.918695706,75,39.09277627,5.380787653
BA7,Kulflyten,59.90254,15.83353,Sphagnum_balticum,BA,(Russow) C.E.O.Jensen,Cuspidata,1open,Open bog,Lawn,721.404,28.12695853,38.98916968,3.9840,5.4780,222.1085,0.6593,4.4715,444.1057,99.3182,0.1935,2.10,48.70076957,270.809265,17.98342076,-0.778633571,45,47.91132896,27.83095052
BA8,Kulflyten,59.90254,15.83353,Sphagnum_balticum,BA,(Russow) C.E.O.Jensen,Cuspidata,1open,Open bog,Lawn,738.026,39.33224221,53.2938564,3.2130,4.4179,130.4802,0.6137,4.5929,445.5115,97.0000,0.1494,2.16,57.04466825,187.5248353,30.41979382,-7.444934216,40,55.86015936,14.14394884
BA9,Kulflyten,59.90254,15.83353,Sphagnum_balticum,BA,(Russow) C.E.O.Jensen,Cuspidata,1open,Open bog,Lawn,716.341,26.95351078,37.62662808,5.2675,7.2428,133.8912,0.6310,4.1985,440.8397,105.0000,0.1466,2.06,49.89077509,183.7819885,27.14671633,-9.987662879,50,33.05554793,14.54442284
CA3,Kulflyten,59.90254,15.83353,Sphagnum_capillifolium,CA,(Ehrh.) Hedw.,Acutifolia,2semi,Pine bog,Hummock,702.431,46.10915392,65.64224974,6.1830,8.5017,359.0010,0.9056,5.4717,442.0755,80.7931,0.2580,2.23,40.24312777,399.2441683,10.07982858,10.16752109,280,11.92593845,12.48671475
CA4,Kulflyten,59.90254,15.83353,Sphagnum_capillifolium,CA,(Ehrh.) Hedw.,Acutifolia,2semi,Pine bog,Hummock,688.710,,,5.8609,8.0587,237.8543,0.8773,4.2169,443.9759,105.2857,0.1792,2.14,47.11162943,284.9658804,16.53237551,-2.632431471,230,6.478906193,2.386917996
CA5,Kulflyten,59.90254,15.83353,Sphagnum_capillifolium,CA,(Ehrh.) Hedw.,Acutifolia,2semi,Pine bog,Hummock,691.167,55.07719869,79.68726507,5.8028,7.9788,213.8430,0.8790,4.7904,438.7226,91.5833,0.2540,2.22,49.33165861,263.1746338,18.74483794,-4.565848222,310,16.904692,12.62325283
CA7,Kulflyten,59.90254,15.83353,Sphagnum_capillifolium,CA,(Ehrh.) Hedw.,Acutifolia,2semi,Pine bog,Hummock,726.689,37.59661864,51.73688101,5.9642,8.2007,369.5431,0.7981,4.8880,446.2322,91.2917,0.2283,2.24,37.51239505,407.0555423,9.215547058,13.37444711,320,26.18630012,51.02542056
CA8,Kulflyten,59.90254,15.83353,Sphagnum_capillifolium,CA,(Ehrh.) Hedw.,Acutifolia,2semi,Pine bog,Hummock,691.989,46.37145748,67.01187938,4.4213,6.0792,265.8228,0.8828,5.9273,444.7419,75.0323,0.3872,2.25,44.37136556,310.1941504,14.30438501,0.218276363,360,24.66454875,36.29035902
CT1,Glon,60.51752,17.92301,Sphagnum_contortum,CO,Schultz,Subsecunda,1open,Rich fen,Lawn,713.484,52.3892141,73.42726731,5.8291,8.0151,230.1255,0.6230,6.2622,435.0294,69.4688,0.2859,2.12,50.31154066,280.4370637,17.94040345,-0.607847734,40,27.85230586,13.76995701
CT3,Glon,60.51752,17.92301,Sphagnum_contortum,CO,Schultz,Subsecunda,1open,Rich fen,Lawn,696.631,43.1448292,61.93353474,6.3592,8.7439,236.2694,0.6713,5.4878,441.8699,80.5185,0.2771,2.13,45.91209556,282.1815256,16.27041156,-2.118732967,40,25.41460031,8.11914525
CT4,Glon,60.51752,17.92301,Sphagnum_contortum,CO,Schultz,Subsecunda,1open,Rich fen,Lawn,704.183,45.07115301,64.00487656,5.9623,8.1982,200.6141,0.6880,8.1349,445.0397,54.7073,0.3018,2.31,48.58313486,249.1972597,19.49585437,-4.661963056,130,28.4437666,14.66925376
CT5,Glon,60.51752,17.92301,Sphagnum_contortum,CO,Schultz,Subsecunda,1open,Rich fen,Lawn,704.153,52.02406914,73.88178914,5.7358,7.8867,256.9373,0.6988,7.8788,442.4242,56.1538,0.2499,2.29,47.54261778,304.4799251,15.61436859,0.863273117,80,26.63931229,11.03103727
CT6,Glon,60.51752,17.92301,Sphagnum_contortum,CO,Schultz,Subsecunda,1open,Rich fen,Lawn,735.002,47.83387388,65.07995537,7.4939,10.3042,330.2277,0.5411,7.5051,444.4219,59.2162,0.2926,2.29,44.19892822,374.4266715,11.80442837,10.94283107,105,27.72017424,15.7225245
CU1,Kulflyten,59.90254,15.83353,Sphagnum_cuspidatum,CU,Hoffm.,Cuspidata,1open,Open bog,Carpet - pool,711.202,22.58466391,31.75563284,4.6477,6.3906,242.6778,0.5123,8.6275,444.3137,51.5000,0.2476,2.39,49.04924394,291.7,16.81340173,0.3,0,66.26138983,11.8215075
CU10,Kulflyten,59.90254,15.83353,Sphagnum_cuspidatum,CU,Hoffm.,Cuspidata,1open,Open bog,Carpet - pool,649.380,23.64966473,36.41881639,4.0033,5.5046,199.3834,0.5125,6.2992,439.3701,76.5333,0.1815,2.00,43.76283202,242.762832,18.02699023,-10.78567907,20,66.93702381,10.87627992
CU2,Kulflyten,59.90254,15.83353,Sphagnum_cuspidatum,CU,Hoffm.,Cuspidata,1open,Open bog,Carpet - pool,623.312,27.48560177,44.09603136,5.0877,6.9955,129.3743,0.4997,10.8871,438.9113,69.7500,0.2629,2.32,55.08797251,184.4623097,29.86408041,-19.22253213,0,58.63830096,6.270040935
CU3,Kulflyten,59.90254,15.83353,Sphagnum_cuspidatum,CU,Hoffm.,Cuspidata,1open,Open bog,Carpet - pool,699.859,24.92079841,35.60830861,5.6064,7.7088,175.2361,0.5411,5.5785,446.0744,40.3148,0.1943,2.08,51.55529367,226.7913902,22.73247394,-7.334952102,0,61.20310899,-0.21517537
CU8,Kulflyten,59.90254,15.83353,Sphagnum_cuspidatum,CU,Hoffm.,Cuspidata,1open,Open bog,Carpet - pool,656.406,27.71895923,42.22835797,4.7649,6.5517,282.1833,0.4896,5.8252,445.8252,79.9630,0.1889,1.97,45.51003409,327.6933503,13.88799439,-1.59003728,0,62.26517336,0.805123513
FU1,Kulflyten,59.90254,15.83353,Sphagnum_fuscum,FU_1,(Schimp.) H.Klinggr.,Acutifolia,1open,Open bog,Hummock,678.716,48.87243022,72.00720072,6.5430,8.9966,351.5215,0.9182,4.4534,451.4170,101.3636,0.1962,2.24,38.83229137,390.3538024,9.94797313,6.906967701,260,2.126332412,-3.074369212
FU11,Glon,60.51752,17.92301,Sphagnum_fuscum,FU_2,(Schimp.) H.Klinggr.,Acutifolia,1open,Rich fen,Hummock,671.084,44.64800618,66.53114027,11.2253,15.4348,297.5709,0.7821,5.6311,445.8252,104.9565,0.2579,2.29,41.81884143,339.3896916,12.32177714,1.047402898,350,19.79893999,12.91109028
FU12,Glon,60.51752,17.92301,Sphagnum_fuscum,FU_2,(Schimp.) H.Klinggr.,Acutifolia,1open,Rich fen,Hummock,683.927,58.08944069,84.93518105,9.4687,13.0194,338.1443,0.8709,5.3846,450.3846,123.8333,0.2667,2.29,42.00244307,380.146773,11.04900687,6.40735036,385,17.55771936,51.05967481
FU13,Glon,60.51752,17.92301,Sphagnum_fuscum,FU_2,(Schimp.) H.Klinggr.,Acutifolia,1open,Rich fen,Hummock,697.576,45.93533432,65.84992343,11.2610,15.4838,275.4065,0.8694,4.8170,451.8304,109.5000,0.3960,2.16,41.22965052,316.6361546,13.02114428,1.421227811,345,19.26483816,
FU15,Glon,60.51752,17.92301,Sphagnum_fuscum,FU_2,(Schimp.) H.Klinggr.,Acutifolia,1open,Rich fen,Hummock,662.449,48.2492367,72.83464567,12.5154,17.2086,322.9814,0.8735,5.8140,453.4884,108.6667,0.2753,2.37,41.99790488,364.9792713,11.5069288,2.742825093,215,17.414133,12.67116593
FU16,Glon,60.51752,17.92301,Sphagnum_fuscum,FU_2,(Schimp.) H.Klinggr.,Acutifolia,1open,Rich fen,Hummock,677.105,39.81166297,58.79692447,11.3116,15.5534,331.9545,0.8558,4.3233,453.7594,128.0556,0.2333,2.30,43.79666735,375.7511658,11.65576353,5.285567983,170,13.21102271,22.09432359
FU2,Kulflyten,59.90254,15.83353,Sphagnum_fuscum,FU_1,(Schimp.) H.Klinggr.,Acutifolia,1open,Open bog,Hummock,680.363,39.5076286,58.06845966,6.9947,9.6177,374.2394,0.9188,3.6511,452.1298,79.1724,0.1559,2.23,36.83326472,411.0726156,8.960281789,9.143556718,180,7.768872354,-9.789177689
FU4,Kulflyten,59.90254,15.83353,Sphagnum_fuscum,FU_1,(Schimp.) H.Klinggr.,Acutifolia,1open,Open bog,Hummock,674.255,46.02425035,68.25938567,7.4576,10.2542,311.4583,0.9073,4.0650,445.1220,83.6429,0.1768,2.27,42.08081505,353.5391484,11.90273135,2.7794416,220,12.28600112,-5.393884567
FU5,Kulflyten,59.90254,15.83353,Sphagnum_fuscum,FU_1,(Schimp.) H.Klinggr.,Acutifolia,1open,Open bog,Hummock,695.674,,,7.2857,10.0179,353.0612,0.9008,4.1667,452.7778,93.8000,0.1957,2.29,41.39793481,394.4591593,10.49485956,9.013278983,280,8.607218408,-1.601193595
FU6,Kulflyten,59.90254,15.83353,Sphagnum_fuscum,FU_1,(Schimp.) H.Klinggr.,Acutifolia,1open,Open bog,Hummock,688.972,52.32698676,75.94936709,8.3529,11.4852,369.8770,0.9221,3.5363,452.8487,78.0000,0.1185,2.23,41.332088,411.2091372,10.05135447,10.01811295,320,14.19121847,-4.333971826
FX10,Kulflyten,59.90254,15.83353,Sphagnum_fallax,FA,(H.Klinggr.) H.Klinggr.,Cuspidata,1open,Lagg fen,Lawn,676.777,35.204361,52.01765448,3.9525,5.4347,129.2017,0.6070,5.0813,443.0894,88.8400,0.2301,1.98,52.33379152,181.5354722,28.82841072,-14.16873576,130,51.13125813,44.90803666
FX5,Kulflyten,59.90254,15.83353,Sphagnum_fallax,FA,(H.Klinggr.) H.Klinggr.,Cuspidata,1open,Lagg fen,Lawn,651.283,32.93223096,50.5651398,4.0328,5.5451,106.5150,0.5764,6.3265,438.7755,87.2000,0.3303,1.90,46.94622416,153.461219,30.5915882,-19.52554841,110,58.08333992,45.89786964
FX6,Kulflyten,59.90254,15.83353,Sphagnum_fallax,FA,(H.Klinggr.) H.Klinggr.,Cuspidata,1open,Lagg fen,Lawn,657.817,37.86285796,57.55831566,3.9477,5.4281,102.7749,0.5949,5.5446,439.4059,69.3548,0.3130,1.96,51.32240354,154.0973265,33.30518752,-18.80853361,65,41.53893419,29.53704913
FX7,Kulflyten,59.90254,15.83353,Sphagnum_fallax,FA,(H.Klinggr.) H.Klinggr.,Cuspidata,1open,Lagg fen,Lawn,665.758,36.96433774,55.52220888,4.9137,6.7564,227.8481,0.6287,5.5877,441.0405,79.2500,0.2575,1.95,39.64326923,267.4913705,14.82039183,-6.67509357,80,40.50348243,26.08580853
FX9,Kulflyten,59.90254,15.83353,Sphagnum_fallax,FA,(H.Klinggr.) H.Klinggr.,Cuspidata,1open,Lagg fen,Lawn,618.246,29.22926845,47.27771847,3.4798,4.7847,125.6545,0.6038,4.9505,439.8020,78.9310,0.1955,1.90,48.92008748,174.5745377,28.02246428,-20.71792906,105,44.29967323,23.07987929
GR2,Kulflyten,59.90254,15.83353,Sphagnum_girgensohnii,GI,Russow,Acutifolia,3dark,Spruce forest,Hummock,696.913,36.1415765,51.85953475,5.3695,7.3831,232.8205,0.8812,7.3620,441.7178,60.0000,0.6199,2.24,47.97553651,280.7960493,17.08554541,-2.229109409,,36.4427785,25.34395887
GR6,Kulflyten,59.90254,15.83353,Sphagnum_girgensohnii,GI,Russow,Acutifolia,3dark,Spruce forest,Hummock,699.578,45.89071593,65.59766764,3.9332,5.4082,372.9167,0.8061,7.8156,437.2745,55.9487,1.0016,2.32,34.17943868,407.0961053,8.395913946,10.66745749,240,42.00095298,43.01104896
GR7,Kulflyten,59.90254,15.83353,Sphagnum_girgensohnii,GI,Russow,Acutifolia,3dark,Spruce forest,Hummock,719.193,43.93820674,61.09372672,5.7215,7.8671,278.9744,0.8322,8.8477,438.4774,49.5581,1.1254,2.40,41.66916992,320.6435289,12.99548132,3.983695682,150,57.55692397,59.37719203
GR8,Kulflyten,59.90254,15.83353,Sphagnum_girgensohnii,GI,Russow,Acutifolia,3dark,Spruce forest,Hummock,697.523,,,5.5676,7.6554,233.3333,0.7343,9.1837,441.8367,48.1111,0.8837,2.40,46.869528,280.2028613,16.72699835,-2.227410206,250,45.12923063,27.39010135
GR9,Kulflyten,59.90254,15.83353,Sphagnum_girgensohnii,GI,Russow,Acutifolia,3dark,Spruce forest,Hummock,640.942,35.07808925,54.72892081,5.9214,8.1419,227.7020,0.7361,13.8067,435.3057,31.5286,1.6120,2.52,46.30931642,274.0113101,16.90051276,-8.504622787,,48.33683474,-3.416831683
LD1,Kulflyten,59.90254,15.83353,Sphagnum_lindbergii,LI,Lindb.,Cuspidata,1open,Open bog,Carpet,669.303,46.58261768,69.59869688,6.1800,8.4974,181.9116,0.6495,5.7540,452.3810,78.6207,0.1770,2.20,54.98407099,236.8956846,23.21024593,-9.380130012,55,26.21860308,-1.828877863
LD10,Kulflyten,59.90254,15.83353,Sphagnum_lindbergii,LI,Lindb.,Cuspidata,1open,Open bog,Carpet,667.241,33.56826049,50.30904125,4.8998,6.7372,290.9461,0.7930,5.6680,451.4170,53.6098,0.1944,2.10,41.44696824,332.3930517,12.46926433,-0.036583915,45,23.21914129,-3.876540972
LD5,Kulflyten,59.90254,15.83353,Sphagnum_lindbergii,LI,Lindb.,Cuspidata,1open,Open bog,Carpet,673.066,33.35510502,49.55699054,6.3104,8.6768,168.5744,0.5992,5.3537,448.9484,79.6429,0.1659,2.06,50.58794367,219.1623453,23.0824066,-10.77720657,30,34.38574314,
LD6,Kulflyten,59.90254,15.83353,Sphagnum_lindbergii,LI,Lindb.,Cuspidata,1open,Open bog,Carpet,668.277,30.8697422,46.19305511,5.3080,7.2985,203.2520,0.5900,7.5000,447.6923,83.8571,0.2115,2.17,50.51508173,253.7671142,19.9060788,-7.795619091,70,27.24615315,4.234229526
LD7,Kulflyten,59.90254,15.83353,Sphagnum_lindbergii,LI,Lindb.,Cuspidata,1open,Open bog,Carpet,625.830,32.42643825,51.8134715,5.8381,8.0274,289.4191,0.5860,8.3503,447.6578,59.6923,0.2213,2.24,43.99257457,333.4116617,13.19467182,-4.075807999,40,34.67262333,16.0281142
MG10,Kulflyten,59.90254,15.83353,Sphagnum_magellanicum,MG_1,Brid.,Sphagnum,2semi,Pine bog,Hummock,679.750,40.09143572,58.97965202,5.6873,7.8201,281.1861,0.7332,10.5590,456.3147,78.2414,0.1943,2.44,44.65548272,325.8415768,13.70466076,0.559186942,45,20.8355286,9.696122727
MG13,Kulflyten,59.90254,15.83353,Sphagnum_magellanicum,MG_2,Brid.,Sphagnum,1open,Open bog,Lawn-carpet,653.944,56.2559153,86.02561652,5.9110,8.1276,269.2308,0.5066,6.2382,446.1248,88.2800,0.4378,2.25,41.81412555,311.0448948,13.44311585,-3.501134316,310,22.65901112,11.25889139
MG14,Kulflyten,59.90254,15.83353,Sphagnum_magellanicum,MG_2,Brid.,Sphagnum,1open,Open bog,Lawn-carpet,654.945,50.68087142,77.38191198,6.2083,8.5363,264.4628,0.7482,6.0976,446.3415,73.9677,0.4298,2.24,41.67367551,306.1364854,13.61277649,-3.891883664,350,32.82861779,30.82454056
MG15,Kulflyten,59.90254,15.83353,Sphagnum_magellanicum,MG_2,Brid.,Sphagnum,1open,Open bog,Lawn-carpet,685.326,60.69718039,88.5668277,7.1270,9.7996,275.4237,0.7490,5.9184,445.3061,60.3056,0.4113,2.32,40.17649,315.6002188,12.73018446,0.09265647,390,24.5222483,13.97207166
MG16,Kulflyten,59.90254,15.83353,Sphagnum_magellanicum,MG_2,Brid.,Sphagnum,1open,Open bog,Lawn-carpet,667.643,46.5581072,69.73500697,6.3977,8.7968,306.1013,0.8403,5.6311,440.5825,77.8065,0.3145,2.33,40.88481294,346.9861573,11.78283689,1.462941452,260,17.26271946,42.2208806
MG17,Kulflyten,59.90254,15.83353,Sphagnum_magellanicum,MG_2,Brid.,Sphagnum,1open,Open bog,Lawn-carpet,691.746,41.91765076,60.59687926,5.9822,8.2256,272.3577,0.8236,5.0607,446.7611,80.7333,0.3479,2.28,40.76245901,313.1201826,13.01815127,0.486621434,570,23.62611916,10.16921861
MG2,Kulflyten,59.90254,15.83353,Sphagnum_magellanicum,MG_1,Brid.,Sphagnum,2semi,Pine bog,Hummock,681.973,40.56885109,59.48749237,6.4326,8.8449,276.4228,0.7134,6.0311,446.1089,43.2157,0.0803,2.24,40.12007069,316.5428349,12.67445232,-0.148437597,75,22.92372522,4.30158756
MG6,Kulflyten,59.90254,15.83353,Sphagnum_magellanicum,MG_1,Brid.,Sphagnum,2semi,Pine bog,Hummock,666.093,50.75377322,76.19628162,6.4140,8.8192,364.2931,0.7628,7.5000,452.2917,71.5152,0.1688,2.36,37.06434172,401.3574274,9.234746685,6.744994706,40,12.18167111,3.62437197
MG7,Kulflyten,59.90254,15.83353,Sphagnum_magellanicum,MG_1,Brid.,Sphagnum,2semi,Pine bog,Hummock,659.096,38.71344494,58.73715125,6.1525,8.4596,289.0705,0.7414,5.7944,450.8411,73.2000,0.1415,2.20,42.02719271,331.0976728,12.69329149,-0.980592711,60,22.39341592,5.480850067
MG9,Kulflyten,59.90254,15.83353,Sphagnum_magellanicum,MG_1,Brid.,Sphagnum,2semi,Pine bog,Hummock,665.915,43.25400904,64.95423679,4.6027,6.3288,366.4596,0.7705,5.6285,454.4090,75.2414,0.1654,2.24,37.59585819,404.0554855,9.304627592,6.997061556,90,11.86367352,-1.53149439
MJ11,Kulflyten,59.90254,15.83353,Sphagnum_majus,MJ,(Russow) C.E.O.Jensen,Cuspidata,1open,Open bog,Carpet ,647.295,30.8603105,47.67580453,6.2520,8.5965,159.9190,0.5142,7.0103,445.1546,49.5909,0.2315,2.17,51.00851729,210.9275456,24.18295683,-14.17774417,25,60.23174681,22.1387173
MJ2,Kulflyten,59.90254,15.83353,Sphagnum_majus,MJ,(Russow) C.E.O.Jensen,Cuspidata,1open,Open bog,Carpet ,706.486,35.86224728,50.76142132,4.5701,6.2839,292.1811,0.6374,5.4217,445.3815,63.5000,0.1795,2.13,44.99025376,337.1713237,13.34344014,4.365759511,0,50.05012693,13.16148704
MJ4,Kulflyten,59.90254,15.83353,Sphagnum_majus,MJ,(Russow) C.E.O.Jensen,Cuspidata,1open,Open bog,Carpet ,677.976,37.71772965,55.63282337,5.5304,7.6043,130.3462,0.6215,5.0980,444.3137,82.1481,0.1946,2.14,56.58678724,186.9330194,30.2711567,-13.50907901,10,46.88559756,4.354996867
MJ5,Kulflyten,59.90254,15.83353,Sphagnum_majus,MJ,(Russow) C.E.O.Jensen,Cuspidata,1open,Open bog,Carpet ,702.828,,,3.8591,5.3062,151.2346,0.5413,5.0657,442.7767,87.1538,0.1713,2.11,53.7991208,205.0336887,26.23916154,-9.213834587,10,,
MJ7,Kulflyten,59.90254,15.83353,Sphagnum_majus,MJ,(Russow) C.E.O.Jensen,Cuspidata,1open,Open bog,Carpet ,659.246,32.68293497,49.57620342,6.5925,9.0646,195.7187,0.4973,8.9796,445.3061,87.4074,0.2991,2.26,47.33064298,243.0492974,19.47368023,-9.770427556,0,35.12782456,-0.988827889
PL2,Kulflyten,59.90254,15.83353,Sphagnum_magellanicum,MG_3,Brid.,Sphagnum,3dark,Spruce forest,Hummock,651.685,40.10371651,61.53846154,7.3573,10.1162,356.3337,0.8155,7.9767,442.4125,55.4634,0.7151,2.27,34.32486316,390.6585398,8.786410552,4.234393304,300,29.80528799,20.27074835
PL4,Kulflyten,59.90254,15.83353,Sphagnum_magellanicum,MG_3,Brid.,Sphagnum,3dark,Spruce forest,Hummock,630.302,44.89821557,71.23287671,6.6252,9.1097,206.1311,0.7338,9.0909,444.0083,48.8409,0.8943,2.34,45.31560077,251.446679,18.02195239,-11.82514486,370,36.73276969,26.01778073
PL6,Kulflyten,59.90254,15.83353,Sphagnum_magellanicum,MG_3,Brid.,Sphagnum,3dark,Spruce forest,Hummock,660.297,29.71442905,45.0016072,5.5067,7.5717,249.2462,0.7446,8.8477,443.0041,50.0698,0.5328,2.31,41.52463853,290.7708697,14.28087985,-4.893206757,,63.062038,18.88747249
PL7,Kulflyten,59.90254,15.83353,Sphagnum_magellanicum,MG_3,Brid.,Sphagnum,3dark,Spruce forest,Hummock,649.919,35.74698492,55.00222982,4.4193,6.0765,256.6462,0.7744,10.8108,444.0748,41.0769,0.9829,2.42,41.13004988,297.7762666,13.81240028,-5.230490219,300,25.43917763,13.32255661
PL8,Kulflyten,59.90254,15.83353,Sphagnum_magellanicum,MG_3,Brid.,Sphagnum,3dark,Spruce forest,Hummock,667.956,51.13020718,76.54723127,6.4932,8.9282,243.5766,0.6986,9.6154,441.7308,45.9400,0.9874,2.22,38.74280405,282.3193714,13.72304134,-4.972430501,,42.05692605,9.465980994
PP1,Kulflyten,59.90254,15.83353,Sphagnum_papillosum,PA,Lindb.,Sphagnum,1open,Fen soak,Carpet,608.566,30.97590078,50.89983639,7.8707,10.8221,258.9928,0.6708,4.6967,455.7730,97.0417,0.1551,2.14,42.75882642,301.7516322,14.17020551,-8.968254579,70,27.71123753,16.39396745
PP3,Kulflyten,59.90254,15.83353,Sphagnum_papillosum,PA,Lindb.,Sphagnum,1open,Fen soak,Carpet,625.392,42.5243778,67.99637353,7.4750,10.2781,321.0913,0.6312,6.0429,452.8265,74.9355,0.1537,2.21,40.52065187,361.6119425,11.2055624,-1.299620794,20,33.23886038,14.07145281
PP5,Kulflyten,59.90254,15.83353,Sphagnum_papillosum,PA,Lindb.,Sphagnum,1open,Fen soak,Carpet,652.170,24.71091453,37.89026978,5.3142,7.3071,239.0194,0.6219,6.0721,454.0797,74.7813,0.1637,2.27,35.4531067,274.4725143,12.91681493,-7.335702939,35,24.93694707,10.7297616
PP6,Kulflyten,59.90254,15.83353,Sphagnum_papillosum,PA,Lindb.,Sphagnum,1open,Fen soak,Carpet,655.622,35.38684403,53.97448479,6.6596,9.1570,375.3910,0.6661,7.9681,453.5857,56.9250,0.2975,2.34,33.67578742,409.0668197,8.232343909,6.468852999,85,22.36963981,25.06080454
PP8,Kulflyten,59.90254,15.83353,Sphagnum_papillosum,PA,Lindb.,Sphagnum,1open,Fen soak,Carpet,636.527,29.85676839,46.9057346,8.1697,11.2333,277.4327,0.6188,6.8834,449.7132,65.3333,0.2138,2.17,38.90457477,316.337287,12.29844738,-4.713567331,70,40.77279068,23.38407048
RU2,Kulflyten,59.90254,15.83353,Sphagnum_rubellum,RU,Wilson,Acutifolia,1open,Open bog,Low hummock,728.239,39.15263145,53.76344086,5.7346,7.8850,217.7914,0.8253,4.1667,449.2424,107.8182,0.1837,2.24,50.11990364,267.9113147,18.70764723,-0.38497404,110,31.72408051,3.713307527
RU4,Kulflyten,59.90254,15.83353,Sphagnum_rubellum,RU,Wilson,Acutifolia,1open,Open bog,Low hummock,691.539,37.08791091,53.63096101,6.1742,8.4895,238.7295,0.8698,4.3825,438.6454,100.0909,0.1537,2.21,47.16097221,285.8904804,16.49616739,-2.257033758,130,38.30277936,4.592094919
RU5,Kulflyten,59.90254,15.83353,Sphagnum_rubellum,RU,Wilson,Acutifolia,1open,Open bog,Low hummock,697.014,37.17406143,53.33333333,4.8874,6.7202,218.9409,0.9087,4.7801,448.7572,93.8800,0.2149,2.28,55.00680456,273.9477414,20.07930574,-2.90386067,50,38.18373599,6.77147016
RU6,Kulflyten,59.90254,15.83353,Sphagnum_rubellum,RU,Wilson,Acutifolia,1open,Open bog,Low hummock,710.472,39.42456179,55.49065421,4.9679,6.8309,233.7796,0.8615,4.3121,446.6119,103.5714,0.1663,2.35,57.22783221,291.0074409,19.66541888,0.147954386,180,39.96263948,11.25444862
RU8,Kulflyten,59.90254,15.83353,Sphagnum_rubellum,RU,Wilson,Acutifolia,1open,Open bog,Low hummock,682.536,46.21663169,67.71314251,5.6612,7.7841,279.2887,0.8722,5.5877,447.2062,80.0345,0.1876,2.29,44.60115074,323.8898537,13.77046864,0.64254735,150,45.50443514,17.66501817
TE1,Kulflyten,59.90254,15.83353,Sphagnum_tenellum,TE,(Brid.) Brid.,Cuspidata,1open,Open bog,Lawn,714.884,34.75582932,48.61744151,4.3346,5.9601,131.9018,0.6395,6.2619,445.3510,71.1212,0.3464,2.31,58.40467083,190.3065113,30.68979113,-9.480952428,75,38.19583687,13.59505125
TE3,Kulflyten,59.90254,15.83353,Sphagnum_tenellum,TE,(Brid.) Brid.,Cuspidata,1open,Open bog,Lawn,717.548,31.66295981,44.12659769,3.8541,5.2994,148.1103,0.6592,4.6653,443.6105,95.0870,0.1736,2.23,58.52110494,206.6314216,28.32149365,-7.582039945,80,73.8313123,8.227305952
TE5,Kulflyten,59.90254,15.83353,Sphagnum_tenellum,TE,(Brid.) Brid.,Cuspidata,1open,Open bog,Lawn,700.321,37.26721298,53.21443981,3.9990,5.4986,85.9539,0.6514,4.5635,443.4524,97.1739,0.1477,2.24,65.17468443,151.1285628,43.12532536,-14.85499998,80,31.77691363,-2.610948624
TE6,Kulflyten,59.90254,15.83353,Sphagnum_tenellum,TE,(Brid.) Brid.,Cuspidata,1open,Open bog,Lawn,715.666,34.53674697,48.25818127,3.5804,4.9230,132.7064,0.6480,4.7325,446.7078,94.3913,0.1784,2.27,61.18744196,193.893816,31.55719105,-9.044003037,20,40.3231028,8.494470085
TE9,Kulflyten,59.90254,15.83353,Sphagnum_tenellum,TE,(Brid.) Brid.,Cuspidata,1open,Open bog,Lawn,710.417,43.11749213,60.69318,3.9331,5.4080,208.9864,0.6194,5.0943,444.9057,87.3333,0.1873,2.25,50.73934097,259.7257569,19.53573707,-2.985682681,70,42.30718011,4.982295574
WI1,Glon,60.51752,17.92301,Sphagnum_warnstorfii,WA,Russow,Acutifolia,1open,Rich fen,Low hummock,745.133,46.89249457,62.93169609,7.9407,10.9185,248.4787,0.9008,6.1538,449.0385,72.9688,0.2861,2.34,51.98619008,300.4648919,17.30191829,4.559806776,190,19.35256198,20.0217005
WI2,Glon,60.51752,17.92301,Sphagnum_warnstorfii,WA,Russow,Acutifolia,1open,Rich fen,Low hummock,736.070,53.89516734,73.22012775,8.0664,11.0913,234.9398,0.8627,5.9880,444.9102,74.3000,0.2117,2.43,50.02185696,284.961616,17.55389293,2.103199723,175,16.07316834,5.732175762
WI3,Glon,60.51752,17.92301,Sphagnum_warnstorfii,WA,Russow,Acutifolia,1open,Rich fen,Low hummock,727.905,64.70265189,88.88888889,7.8971,10.8585,251.0417,0.8500,5.4688,448.4375,82.0000,0.2204,2.27,50.64063945,301.6823061,16.78608205,2.958713982,345,21.27954195,6.720813327
WI5,Glon,60.51752,17.92301,Sphagnum_warnstorfii,WA,Russow,Acutifolia,1open,Rich fen,Low hummock,720.169,54.00229512,74.9855797,6.9454,9.5499,329.1667,0.8702,6.2264,447.3585,71.8485,0.2652,2.31,43.15827546,372.3249421,11.59156172,9.249401116,210,27.3949128,23.54361821
WI6,Glon,60.51752,17.92301,Sphagnum_warnstorfii,WA,Russow,Acutifolia,1open,Rich fen,Low hummock,710.835,43.29961499,60.91370558,8.2867,11.3942,241.4487,0.8598,6.1224,450.2041,73.5333,0.2517,2.29,53.30213288,294.750825,18.08379429,0.558617108,140,17.5601981,11.38941831